{
  "project_info": {
    "project_number": "804437063792",
    "project_id": "sentry-messaging",
    "storage_bucket": "sentry-messaging.firebasestorage.app"
  },
  "client": [
    {
      "client_info": {
        "mobilesdk_app_id": "1:804437063792:android:d0fac8b35d9503ba761cb5",
        "android_client_info": {
          "package_name": "com.ss.ams"
        }
      },
      "oauth_client": [],
      "api_key": [
        {
          "current_key": "AIzaSyA-5JKb-gsQMIlVpaWRP59b5dBO_QE7is4"
        }
      ],
      "services": {
        "appinvite_service": {
          "other_platform_oauth_client": []
        }
      }
    }
  ],
  "configuration_version": "1"
}